1;1;1;1;Se dispone de un expediente médico individual, confidencial y actualizado, que contiene información referida a: medicación, enfermedades, alergias, pruebas realizadas, historial;Se realizan revisiones de seguimiento y prevención periódicas, al menos una vez al año;En los casos necesarios se desarrollan acciones de sensibilización, adaptación al entorno sanitario y a las diferentes pruebas médicas;Existen profesionales médicos de referencia, conocedores de las características del autismo, de distintas especialidades: medicina general, psiquiatría, odontología;Indicador 1: Existen programas de atención sanitaria individualizados y actualizados;3
1;1;1;1;Se realizan análisis periódicos de control y seguimiento de las medicaciones;Existen registros que garantizan la correcta administración de la medicación y reflejan posibles incidencias;Se registran, analizan y se informa a la familia y a los médicos que lo han prescrito, de los posibles efectos secundarios derivados de los cambios de medicación;Existe un protocolo-proceso de la administración (responsable, control, autorizaciones ) conocido por todos;Indicador 2: Se garantiza la correcta administración y seguimiento de los tratamientos farmacológicos;4
1;1;1;1;Cada plan de desarrollo individual contiene objetivos referidos al cuidado y autonomía personal;Existen momentos específicos de intervención en habilidades funcionales, referidas al cuidado y autonomía personal, aprovechando contextos naturales;Los profesionales que trabajan en contacto directo con las personas con TEA conocen y coordinan las pautas a seguir para procurar el bienestar físico de cada una de ellas, a través de la promoción de habilidades referidas a la autonomía personal: vestido, higiene, comida, autonomía personal;Las instalaciones cuentan con espacios suficientes y adecuados para la realización de actividades referidas al cuidado y la autonomía personal: vestuarios, aseos, espacios que favorezcan la privacidad;Indicador 3: Se contempla la intervención individualizada en el ámbito del cuidado y autonomía personal;1
1;1;1;1;Existe un análisis previo, de forma individualizada, de diferentes situaciones, materiales o actividades que puedan implicar riesgo;Existen ayudas técnicas y dispositivos de seguridad que, sin crear un entorno restrictivo, favorecen la autonomía y la seguridad de las personas, minimizando los riesgos que pueden provenir del contexto;Las instalaciones facilitan el desenvolvimiento autónomo: seguridad, ausencia de barreras, estructuración de espacios;Se dispone de protocolos de formación e intervención que permiten prevenir y abordar situaciones de emergencia de forma eficaz (planes de evacuación, primeros auxilios);Indicador 4: Se desarrollan actuaciones referidas a la seguridad e higiene en los diferentes ámbitos;1
1;1;1;1;Las condiciones físicas del entorno (mobiliario, actividades, puestos de trabajo) se adaptan a las características y necesidades ergonómicas de cada persona con TEA, promoviendo su bienestar físico: adecuada luz y temperatura, control postural, ruido ambiental;Se promueve una nutrición adecuada (menús adaptados, dietas, adecuación a las posibilidades de deglución de cada persona);Cada persona participa en programas dirigidos a mantener una buena salud y prevenir un posible deterioro físico (control de peso, ejercicio físico, deporte, fisioterapia), con profesionales específicos;Se realizan programas de formación para promover hábitos de salud, referidos a habilidades de autonomía, prevención, sexualidad;Indicador 5: Se contemplan medidas preventivas individualizadas para mantener una salud adecuada;1
1;1;1;1;Se utilizan sistemas de estructuración claros, sencillos y adaptados para que el ambiente sea predecible;Existe un tratamiento individualizado de los problemas emocionales;Cualquier nueva intervención o tratamiento por parte de los profesionales, se pone en práctica tras obtener el consentimiento informado de la persona con TEA o en su caso de las personas que la representen (familia, tutores);Se conocen y tienen en cuenta las afinidades personales y los gustos, para configurar grupos de compañeros y planificar actividades;Indicador 6: El ambiente promueve un estado emocional positivo en las Personas con TEA;4
1;1;1;1;Existe una estructura flexible de funcionamiento que permite resolver de forma inmediata los imprevistos que afectan a la estabilidad en la organización: ausencia de un profesional, cambios en las actividades previstas, alteración de espacios;Se minimizan las condiciones de estrés que pueden afectar a la persona (informando por anticipado de los cambios de profesionales, horario y actividades);Se utilizan sistemas de estructuración que facilitan la orientación y el uso de los distintos espacios;La persona con TEA tiene personas de referencia claras en su vida (familiares, profesionales, compañeros, amigos), y se contempla la intervención ante situaciones de ausencia (duelo, cambios de personal);Indicador 7: Se promueve la máxima estabilidad emocional en la vida de las personas con TEA;2
1;1;1;1;Existen unas pautas generales de prevención de conductas problemáticas;Se registran las conductas problemáticas y se realiza un análisis funcional y contextual, previo al diseño de estrategias de intervención;Se desarrollan estrategias de prevención e intervención ante conductas problemáticas (resolución de problemas, habilidades comunicativas, intervención física, estrategias de autocontrol) siempre basadas en parámetros éticos y respetuosos con la persona;Existe un protocolo de “intervención física” que asegura la intervención adecuada en situaciones de conductas problemáticas, con el objetivo de asegurar la salud y seguridad de la persona;Indicador 8: Se desarrollan programas individualizados de intervención conductual positiva;3
1;1;1;1;Existen canales de participación y expresión de las personas con TEA y/o sus representantes, en relación con el Plan de Desarrollo Individual;Se proporcionan apoyos para que las personas puedan llevar a cabo elecciones y decisiones;Se analizan y tienen en cuenta los deseos, preferencias e intereses de las personas;Las actividades se adaptan y estructuran de forma que se garantiza el éxito en su realización de la forma más autónoma posible;Indicador 9: La persona con TEA y/o su representante participa en la planificación, ejecución y evaluación de su plan de desarrollo individual;2
1;1;1;1;Cada persona con TEA tiene un profesional, con afinidad, que le sirve de referencia y que realiza un seguimiento mas exhaustivo y cercano;Cada persona tiene un grupo de compañeros de referencia, aunque no esté en todo momento junto a ellos;Las personas cuentan con el personal necesario en las actividades realizadas en el entorno de la comunidad;Se promueve y apoya a las personas del entorno para que se impliquen como apoyos naturales de las personas con TEA;Indicador 10: Las personas con TEA cuentan con apoyos personales individualizados;3
1;1;1;1;Existen espacios, tiempos y pertenencias personalizadas;Se respeta, o negocia en su caso, la decisión de la persona de utilizar su propio espacio, sus pertenencias y/o emplear libremente su tiempo cuando lo requiera;Se favorece la intimidad en la realización de actividades referidas al aseo, vestido, cuidado personal;El uso de la imagen e información sobre las personas con TEA está sujeto a un protocolo de utilización y a la normativa sobre protección de datos que garantiza el respeto y la confidencialidad;Indicador 11: Se respeta la intimidad;3
1;1;1;1;Los espacios y pertenencias personales son estables, están cuidados, y son adecuados a la edad cronológica, a las necesidades y preferencias de la persona;Existe un protocolo que regula y garantiza la obtención de refuerzos individualizados y pertenencias de libre elección;Cada persona recibe una contraprestación real por su trabajo productivo;Se promueven habilidades relacionadas con la gestión del dinero y pertenencias personales;Indicador 12: Se promueven y respetan las pertenencias;2
1;1;1;1;Se analizan y respetan las preferencias e incompatibilidades entre las personas con TEA para planificar y potenciar los grupos de compañeros;Existe un programa individualizado de inclusión social y laboral, que fomenta la interacción con compañeros y personas sin discapacidad en los diferentes entornos;Existe un programa que favorece las relaciones sociales: habilidades sociales y comunicativas, expresión de emociones, afectividad y sexualidad;Se promueve y apoya a las personas del entorno para que se impliquen como apoyos naturales de las personas con TEA;Indicador 13: Se promueven las relaciones sociales significativas;3
1;1;1;1;Se realiza una evaluación de las habilidades, intereses y preferencias individuales de cada persona con TEA en los distintos ámbitos de desarrollo;Los planes de desarrollo individualizados contemplan los intereses, las necesidades, los gustos y preferencias de la persona en todas las áreas de desarrollo, y en los distintos ámbitos y momentos;Las actividades que se desarrollan en los distintos programas o servicios, se diseñan o seleccionan de forma que, además de dar respuesta a las necesidades, intereses y capacidades personales, respondan a un criterio de funcionalidad;En el ámbito de la inclusión social, cada persona tiene diseñado un itinerario personalizado, planificado teniendo en cuenta sus capacidades e intereses, que abarca todos los pasos del proceso: evaluación funcional, búsqueda de recursos, formación, adaptación…;Indicador 14: Se promueve el desarrollo de las capacidades e intereses individuales;4
1;1;1;1;Se utilizan adaptaciones técnicas, apoyos visuales... en función de las necesidades de cada persona;Se diseñan materiales, programas y actividades acordes con un criterio evolutivo y de funcionalidad;Existe un sistema de evaluación de habilidades sociales, laborales,... que permite contrastar el avance a lo largo del tiempo;Se planifica y promueve la retirada gradual de apoyos;Indicador 15: Se promueve el avance y el desarrollo continuo de la persona;3
1;1;1;1;Existen unas normas de organización y funcionamiento interno en las que se recogen derechos y deberes referidos a profesionales, familias, organización y personas con TEA, que tienen como referencia la Declaración Universal de los Derechos Humanos y, de forma especial, la Carta de los Derechos de las Personas con Autismo;Existe un código de ética profesional, consensuado entre familias y profesionales, que define como deben ser las relaciones, las actuaciones y actitudes hacia las personas con TEA;La Organización defiende los derechos de las personas con TEA;La Organización no es restrictiva, fomenta nuevas oportunidades, no coarta las posibilidades de elección ni de desarrollo de las personas;Indicador 16: Se garantiza el respeto a la identidad y dignidad de la persona;4
1;1;1;1;No se utiliza ningún tipo de restricción física ni tratamiento farmacológico si no está previamente consensuado con la familia, un técnico cualificado y, en los casos en que sea posible, con la propia persona con TEA, y en caso de fármacos éstos deben haber sido siempre prescritos por los médicos;Se analizan, por anticipado, los posibles riesgos derivados de la programación de una nueva actividad;Existen pautas y medidas para controlar posibles abusos físicos y/o emocionales;Se utilizan adaptaciones técnicas y dispositivos de seguridad que minimizan los riesgos de daños físicos referidos a la utilización y el uso de espacios, herramientas, máquinas y materiales;Indicador 17: Se garantiza la integridad física;4
1;1;1;1;Se apoya el que la persona comprenda y planifique la secuencia de pasos de las actividades que realiza;Se utilizan apoyos para favorecer el acceso de las personas con TEA a la información y toma de decisiones (pictogramas...);Se planifican actividades que permiten poner en práctica las habilidades adquiridas  relacionadas con la conducta de autodeterminación;Se revisan y actualizan periódicamente las actividades, apoyos y materiales planificados, para poder readecuarlos a las necesidades cambiantes de las personas con TEA, o se estudian nuevas alternativas;Indicador 18: Las personas reciben formación variada y adaptada, previa a la emisión de conductas de autodeterminación;1
1;1;1;1;Se anticipan y planifican las actividades a realizar, disponiendo toda persona de momentos en los que puede elegir libremente qué hacer o no hacer en su tiempo libre;La persona tiene oportunidades, y dispone de un sistema de comunicación adaptado, para comunicar necesidades, emociones, y para realizar elecciones;Se promueven actividades encaminadas a desarrollar capacidades de planificación que permitan a la persona elegir o participar en las decisiones que afectan a su vida, tanto en lo referido a cuestiones cotidianas como a cuestiones de mayor trascendencia para su futuro;Se aprovechan o provocan situaciones controladas o riesgos asumibles (posibles imprevistos, situaciones en las que es necesario pedir ayuda...), que impliquen habilidades de resolución de problemas en distintos contextos cotidianos, se trabajan estrategias y se ofrecen apoyos a la persona para su resolución.;Indicador 19: Las personas participan en la planificación y ejercen un control sobre su vida;4
1;1;1;1;Se realiza un análisis ecológico y funcional previo a la inclusión social de la persona;La persona participa en actividades y programas realizados en distintos entornos comunitarios;Se facilita y apoya la inclusión en recursos y actividades comunitarias;Se utilizan los medios de comunicación convencionales, para la información y divulgación hacia la sociedad;Indicador 20: Se promueve la inclusión social de las personas con TEA;4
1;1;1;1;Existen procedimientos para recoger y revisar periódicamente las expectativas de la familia hacia la persona con TEA y hacia la Organización;El Plan de Desarrollo Personal integra las expectativas de la familia que se ajustan a las necesidades y capacidades de las personas con TEA;La Organización promueve el que la familia se integre activamente en la red de apoyos de la persona con TEA;Los objetivos del Plan de Desarrollo Personal respetan el estilo de vida y de relación familiar de la persona con TEA;Indicador 21: Las actuaciones con la persona con TEA tienen en cuenta las expectativas de la familia;1
1;1;1;1;Las familias participan en la elaboración de los Planes de Desarrollo Personal de la persona con TEA, y pueden tener información de su evolución en cualquier momento;Existe un plan de información, formación y asesoramiento a las familias, con profesionales responsables que las conocen;Existe una variedad de vías de implicación y participación en la Organización;Existen diferentes vías de comunicación / coordinación con los servicios y profesionales;Indicador 22: Se facilita la implicación de las familias en la Organización;1
1;1;1;1;Existen vías para medir y analizar el nivel de satisfacción: encuestas, entrevistas personales;Existen vías para comunicar incidencias, realizar sugerencias y propuestas de mejora;Se analizan y tienen en cuenta las incidencias y propuestas formuladas por las familias;Se implica a las familias en los procesos de mejora;Indicador 23: Se favorece un aumento del nivel de satisfacción en las familias;1
1;1;1;1;Existe fácil acceso por parte de los profesionales hacia el equipo directivo;Se registran y valoran las propuestas de intervención / organización provenientes de los profesionales;Se promueve el desarrollo profesional a través del ajuste de los puestos de trabajo a las expectativas profesionales;Se solicitan aportaciones de los profesionales referidas a distintos proyectos de la entidad;Indicador 24: Se conocen, valoran y se tienen en cuenta las propuestas e iniciativas provenientes de los profesionales;1
1;1;1;1;Existe un documento que especifica la estructura del personal de la Organización, así como las funciones de cada uno de los profesionales;Cada profesional conoce sus funciones;Las funciones se adecuan a su perfil profesional;Las responsabilidades se ajustan a las funciones;Indicador 25: Las responsabilidades de los profesionales son coherentes con sus funciones;1
1;1;1;1;La estructura de la Organización contempla el funcionamiento a través de equipos de trabajo;Existen grupos de mejora para evaluar periódicamente y hacer propuestas de mejora en la Organización;Existen oportunidades de abordar en grupo estrategias puntuales de intervención, o de apoyo a la intervención, planteadas por cualquier profesional;La dirección de la Organización promueve la estabilidad del equipo de profesionales;Indicador 26: Se promueve la participación y el trabajo en equipo;4
1;1;1;1;Existen vías para analizar el nivel de satisfacción y motivación profesional: encuestas, entrevistas personales;Se reconocen, valoran y difunden las Buenas Prácticas Profesionales desarrolladas en la Organización;Además del aseguramiento de los mínimos legales referidos a contratación, remuneración, seguridad, la Organización valora y promueve las cuestiones que inciden de forma específica en la satisfacción y motivación de cada profesional;Se planifican estrategias a largo plazo, que inciden directamente sobre la satisfacción de los profesionales;Indicador 27: Se favorece un aumento del nivel de satisfacción en los profesionales;1
1;1;1;1;Se implica a todo el personal en los procesos de mejora;Los profesionales, junto a la entidad titular, participan en la toma de decisiones organizativas y/o de planificación;Existe información sobre los proyectos de la Organización;Existen posibilidades de implicación en los proyectos de la Organización;Indicador 28: Los profesionales están implicados en la Organización;1
1;1;1;1;Existe un sistema de recogida de datos sobre las necesidades de la persona con TEA en los distintos ámbitos de intervención;Para la realización de cada Plan de Desarrollo Personal, se realiza una revisión de informes y evaluaciones previas en la que intervienen profesionales y personas del entorno socio-familiar.;En la valoración de las necesidades participan todos los profesionales y se implica a la familia, que tiene la posibilidad de plantear qué objetivos considera más necesarios en la formación de sus hijos o hijas;En la valoración de las necesidades se implica a la persona con TEA a través de distintas modalidades comunicativas o apoyos personalizados;Indicador 29: Se evalúan las necesidades y deseos de las personas con TEA en los distintos ámbitos de intervención;4
1;1;1;1;Se elaboran planes individualizados de intervención ante conductas problemáticas o necesidades específicas;Los planes específicos de intervención se consensúan entre todos los profesionales que están en contacto con la persona con TEA, con su familia, y con la propia persona con TEA, siempre que sea posible, a través de distintas vías o instrumentos adaptados;Las personas implicadas en prestar apoyo a las personas con TEA están coordinadas en el uso de pautas específicas de intervención en diferentes ámbitos (conducta, rehabilitación funcional motora, corrección postural, comunicación);Las actividades se adaptan y estructuran de forma que se garantice el éxito y su realización de la forma más autónoma posible;Indicador 30: Se elaboran planes de intervención adaptados a las necesidades específicas a lo largo de toda la vida;3
1;1;1;1;Existe una Programación General que engloba todos los ámbitos de intervención y que sirve de referente para realizar los Planes de Desarrollo Personal;Los contenidos de la Programación General se evalúan periódicamente, y se modifican si se considera necesario;Los objetivos de trabajo que promueve cada Plan de Desarrollo Personal son operativos;Existe un análisis que evidencia la funcionalidad de los objetivos y aprendizajes programados;Indicador 31: La estructura de la Programación General de la Organización se adapta a las características de las personas con TEA;2
1;1;1;1;Existe un proceso de elaboración de los Planes de Desarrollo Personal en el que participan todos los profesionales que están en contacto con la persona con TEA, la familia, y la propia persona con TEA, siempre que sea posible, a través de distintas vías o instrumentos adaptados;El Plan de Desarrollo Personal detalla los objetivos y metas, y los apoyos necesarios para su consecución;Se planifican revisiones periódicas tanto de los objetivos como de las necesidades de apoyo de cada persona con TEA;Existe flexibilidad y posibilidad de introducir nuevos objetivos o metas y/o modificar el tipo o grado de apoyo, cuando el Plan de Desarrollo Personal ya está en marcha;Indicador 32: Se adecua el proceso de elaboración de los Planes de Desarrollo Personal a las características de las personas con TEA;4
1;1;1;1;La planificación de apoyos tiene en cuenta las aportaciones de la propia persona con TEA, siempre que sea posible, y de las personas de referencia en sus diferentes contextos vitales (familias, profesionales, amigos, conocidos);Se promueve la captación de apoyos naturales;La definición de apoyos tiene en cuenta el que la persona pueda conseguir sus objetivos y metas en los distintos ámbitos y contextos vitales;Se dota a la persona de estrategias y habilidades que le permitan ejercer cambios y un control del entorno (elecciones, expresión de necesidades, resolución de problemas);Indicador 33: Existe un proceso de planificación y captación de apoyos que responde a las características de cada persona;3
1;1;1;1;Existe unidad de criterios en los distintos servicios, programas o contextos donde participa la persona;La definición y especificación de objetivos o metas personales facilita la interpretación objetiva, tanto en su ejecución como en su evaluación por parte de todos los profesionales;Se tiene en cuenta la generalización de aprendizajes;Los objetivos o metas permiten planificar nuevos aprendizajes;Indicador 34: Los criterios metodológicos se adaptan a las necesidades y capacidades de la persona con TEA;2
1;1;1;1;Se abordan todas las necesidades en las diferentes áreas de desarrollo personal y social de la persona con TEA;El Plan de Desarrollo Personal favorece el que la persona con TEA participe y realice actividades adaptadas a sus gustos y capacidades, en distintos contextos, favoreciendo siempre la mayor inclusión posible;Se contemplan diferentes opciones, adecuadas a los diferentes niveles de adaptación y capacidades;Existen programas en función de las diferentes etapas evolutivas (escolares, adultos...);Indicador 35: Los Planes de Desarrollo Personal se adaptan a la persona;3
1;1;1;1;Existen informes de evaluación individual de cada persona con TEA;Se realizan orientaciones y propuestas de intervención futura (Plan de Desarrollo Futuro Personal) basadas en la evaluación;Existen instrumentos de evaluación basados en las dimensiones de calidad de vida;Los resultados de la evaluación y el seguimiento provienen tanto de todos los profesionales que están en contacto con la persona con TEA, como de su familia, conocidos y otras personas de referencia en su vida;Indicador 36: Existe un seguimiento y evaluación continua de cada Plan de Desarrollo Personal;3
1;1;1;1;Existe un procedimiento de información, formación y apoyo a nuevos profesionales, personas que prestan apoyo natural, voluntarios, alumnos en prácticas;Se organizan acciones formativas en las que participan los nuevos profesionales, voluntarios, alumnos en prácticas;Existe una documentación formativa inicial que contiene información sobre autismo, programas y pautas de intervención;Cada nuevo profesional tiene asignado un profesional-tutor que se responsabiliza de su formación y seguimiento, y una ficha personal de formación donde se recoge toda su trayectoria formativa y profesional;Indicador 37: Se asegura una formación inicial a los nuevos profesionales;2
1;1;1;1;Existe un documento sobre la naturaleza, finalidad, valores, objetivos y principios éticos de la organización difundido a todos los profesionales;Todos los profesionales tienen acceso a la política de la Organización, los planes de mejora y el sistema de gestión de calidad;Existen canales de información para transmitir los fines, valores y objetivos de la Organización;Se ofrece información periódica sobre los proyectos y trayectoria de la Organización;Indicador 38: La formación incluye aspectos técnicos, organizacionales y valores de la organización;1
1;1;1;1;El plan de formación incluye acciones específicas para puestos de trabajo concretos;Todos los profesionales en su proceso de formación inicial reciben una formación específica referida a su puesto de trabajo, en la que se promueve la participación activa y el aprendizaje significativo;Todos los profesionales tienen posibilidades, de forma periódica, de actualizar o ampliar la formación referida a su puesto de trabajo;La Organización promueve el que se realicen proyectos o iniciativas encaminadas a la formación específica o especialización: intercambios profesionales, grupos de trabajo específicos;Indicador 39: Cada profesional recibe una formación específica sobre su puesto de trabajo;2
1;1;1;1;Existe un plan de formación anual en el que se incluyen necesidades y demandas planteadas por los profesionales;La Organización colabora con otras entidades (Universidad), en proyectos de investigación y avance científico;Todos los profesionales participan de forma periódica en acciones de formación realizadas por la propia entidad o por otras Organizaciones;Existe un procedimiento que evalúa periódicamente el desempeño profesional;Indicador 40: Se promueve la formación continua, la actualización y el desarrollo profesional;2
1;1;1;1;Existe un programa de formación interna (cursos, reuniones de formación, intercambios con otras organizaciones...);Existe posibilidad de acceso a vías de actualización: nuevas publicaciones específicas, investigación, bibliografía actualizada, Internet;Existe un sistema de gestión del conocimiento por el que toda la formación e información recibida por un profesional se difunde y se hace accesible al resto del equipo;La Organización mide el impacto de la formación profesional, recogiendo indicios de cómo la formación recibida por los profesionales produce cambios organizativos;Indicador 41: La entidad cuenta con recursos propios que favorecen la formación, actualización y desarrollo profesional;1
1;1;1;1;El profesional promueve un conocimiento profundo de la persona con TEA, sus expectativas, metas en los distintos contextos vitales;El profesional impulsa la creación de Círculos de Apoyo que puedan implicar al resto de profesionales, familias, amigos para definir y poner en marcha el Plan de Desarrollo Personal;El profesional coordina y motiva la función que cada persona del Círculo de Apoyo ha asumido;El profesional promueve la captación de apoyos, especialmente naturales, para facilitar el Plan de Desarrollo Personal;Indicador 42: La actuación de cada profesional tiene como referencia los principios de la Planificación Centrada en la Persona;4
1;1;1;1;Se utilizan instrumentos que permiten obtener datos significativos para la elaboración de cada perfil personal, incidiendo en preferencias, necesidades, visión de futuro;Existe documentación personalizada (pautas específicas, gustos e intereses, capacidades, mapa de relaciones sociales...);Existe un proceso que facilita el conocimiento de la persona con TEA y que contempla, tanto la información que ésta nos pueda aportar de forma directa sobre su vida y expectativas de futuro, como la que puedan aportarnos las personas mas significativas de sus contextos vitales (profesionales, familia, amigos);Existen fichas personales de registro y seguimiento de las habilidades y metas que se trabajan con cada persona;Indicador 43: Existe una información individualizada de cada persona con TEA;4
1;1;1;1;Todos los profesionales conocen la información básica detallada referida a cada persona con TEA (pautas de intervención, gustos e intereses, nivel de capacidades...), y participan en el proceso de revisión y actualización de la misma;Se utilizan instrumentos que permiten obtener datos significativos para la elaboración de cada Plan de Desarrollo Personal, incidiendo en preferencias, necesidades, visión de futuro;Se obtiene información directa de las personas con TEA y de las de personas cercanas y que comparten experiencias vitales con ella: familias, profesionales, conocidos;La información de la que se dispone se refiere a todas las áreas y ámbitos vitales de la persona, y tiene en cuenta capacidades, gustos e intereses, necesidades y apoyos que requiere, pautas específicas de intervención, aspectos que le desagradan;Indicador 44: Se conoce en profundidad y de forma integral a la persona con TEA;3
1;1;1;1;Las posibilidades de elección que tienen las personas con TEA tienen en cuenta sus gustos, intereses, visión de futuro;Los objetivos que se plantean con cada persona con TEA son funcionales, tienen un impacto positivo en su Plan de Desarrollo Personal;Las actividades, interacción y materiales están adaptados a las capacidades y edad cronológica;Se tienen en cuenta las necesidades individuales de apoyo específico y/o especializado;Indicador 45: La intervención es adaptada a cada Plan de Desarrollo Personal (características, necesidades, deseos, preferencias de la persona);3
1;1;1;1;Todos los profesionales conocen y comparten la misión y los valores de la Organización;La Organización cuenta con un Código Ético que concreta su misión/visión y define los valores y principios que deben presidir la práctica profesional;Todos los profesionales conocen, aceptan y se comprometen a regular su práctica basándose en el Código Ético;Existe un sistema de reflexión que persigue integrar en la práctica profesional los valores y actitudes consensuados en el Código Ético y evaluar periódicamente en que medida esto es así;Indicador 46: La práctica y actitudes profesionales tienen como referente la misión y los valores de la organización;2
1;1;1;1;Se mantienen convenios de colaboración con instituciones universitarias y científicas que realizan investigación sobre TEA;La Organización promueve investigaciones sobre TEA basadas en protocolos definidos en guías de buenas prácticas;La Organización colabora en investigaciones sobre TEA.;Se aplican o incorporan en la práctica los resultados de investigaciones científicamente contrastadas;Indicador 47: La Organización promueve la ampliación del conocimiento a través de la participación activa en investigaciones sobre TEA;2
1;1;1;1;Existen criterios que justifican los grupos de compañeros en los que se integran las personas con TEA: edad, capacidades, preferencias;Se analiza periódicamente la interacción entre los componentes de los agrupamientos;Se detectan y resuelven los posibles conflictos y/o incompatibilidades detectadas;Existe flexibilidad, favoreciendo la elección, para realizar nuevos grupos de compañeros ante situaciones o actividades puntuales o imprevistos;Indicador 48: La configuración de los grupos de compañeros se adaptan a las necesidades de las personas con TEA;1
1;1;1;1;Cada persona con TEA dispone de un profesional-tutor de referencia;Se analiza periódicamente la relación y la adecuación del perfil humano y profesional a las características y preferencias de la persona con TEA, existiendo posibilidad de cambio de profesional de referencia;Existen unos criterios de asignación de los profesionales a la persona con TEA;Los profesionales-tutores canalizan toda la información pertinente sobre la persona con TEA, y coordinan las intervenciones y la prestación de apoyos en los distintos contextos;Indicador 49: Los profesionales son una referencia clara para las personas con TEA;2
1;1;1;1;Existe una amplia variedad de tareas y actividades que responde a criterios de funcionalidad, significatividad, motivacionales y formativos;Las actividades abarcan tanto los diferentes niveles aptitudinales como los intereses de las personas que participan en ellas;Se estructuran los distintos procesos de trabajo asignando a cada persona responsabilidades dentro de los mismos;Existe una secuenciación de los pasos de las actividades, que aporta una información clara hacia adelante y hacia atrás acerca de las mismas, a modo de instrucciones de trabajo comprensibles;Indicador 50: Existe una organización de las tareas y actividades;3
1;1;1;1;Cada persona con TEA tiene asignadas responsabilidades en la Organización, adecuadas a sus capacidades e intereses;Existe una revisión periódica que evalúa el grado de adecuación y desarrollo de las responsabilidades asignadas y facilita el reconocimiento hacia las personas con TEA;Existen foros, instrumentos, para recoger aportaciones y sugerencias de las personas con TEA;Las personas con TEA participan, siempre que sea posible, en el proceso de diseño, creación y adaptación de materiales y actividades;Indicador 51: Las personas con TEA tienen asignadas responsabilidades y participan activamente en la Organización;1
1;1;1;1;Se dispone de personal técnico especializado en las diferentes áreas de intervención;El trabajo técnico está integrado dentro del equipo, de forma que se planifican y se abordan en grupo las estrategias de intervención individualizadas;Existe un sistema de evaluación continua de los programas específicos de intervención;El seguimiento técnico detecta regularmente nuevas necesidades de intervención o apoyos específicos;Indicador 52: Se dispone de apoyo y seguimiento técnico integrado en el equipo profesional;2
1;1;1;1;Existen horarios estables y personalizados;Se informa anticipadamente a cada persona con TEA del horario que tiene, así como de los posibles cambios e imprevistos;Se contemplan tiempos en los que cada persona puede desarrollar actividades de libre elección;Existe un ajuste entre tiempo y ritmo de trabajo, y tiempo de descanso;Indicador 53: El horario y ritmo de trabajo de las personas con TEA se adapta a sus necesidades;3
1;1;1;1;Existe un horario estable y predecible;El horario y distribución de tiempos garantiza una organización de los tiempos de tránsito entre actividades, de descanso, de entradas y salidas;Ante cambios e imprevistos existe un sistema de reorganización que no afecta a las personas con TEA;Se rentabilizan los recursos personales asignando a los profesionales tareas y funciones, que inciden en la mejora de la calidad del servicio, en los momentos en que no sea necesaria o no tengan asignada atención directa;Indicador 54: El horario y distribución de tiempos de los profesionales se adecua a las necesidades de las personas con TEA;3
1;1;1;1;Existen vías de comunicación formal entre personas vinculadas a la Organización según el ámbito, los implicados y el tema;Es posible el acceso de todos los profesionales de la Organización a los diferentes canales de comunicación;Se utilizan diferentes sistemas, vías y apoyos para promover la comunicación de las personas con TEA;Existen canales que posibilitan una comunicación continua y rápida entre programas y servicios, con la familia o tutores, y otras personas relacionadas con la persona con TEA;Indicador 55: Se facilita la comunicación entre todas las personas vinculadas a la Organización;2
1;1;1;1;Existen tiempos programados para reuniones y coordinación;Existe una organización y una dinámica que facilita la eficacia de las reuniones: orden del día previo, coordinador, acta, distribución de tiempos por temas;Existe la posibilidad de participar activamente en las reuniones e incorporar temas por parte de todos los participantes;Se realiza un seguimiento de la eficacia de las conclusiones y decisiones que se toman en las reuniones;Indicador 56: Se planifican y promueven tiempos y espacios para la coordinación;2
1;1;1;1;Existen vías de coordinación entre los diferentes servicios de la Organización;Existen vías de coordinación con otros servicios externos a la Organización, pero relacionados con los programas que se promueven desde ésta;Existe un proceso que garantiza la gestión y difusión de la información, y el conocimiento a todas las personas, servicios o entidades relacionados con la persona con TEA;Existe un registro de información e incidencias de cada servicio que centralice la información y ayude a coordinarse con el resto de servicios;Indicador 57: Existe coordinación con otros programas y servicios relacionados con la persona con TEA;2
1;1;1;1;Cada persona con TEA tiene definido qué sistema de comunicación utiliza, adaptado a sus características ó perfil individual;Todos los profesionales, familias y personas que forman parte de la vida de la persona con TEA, tienen acceso al conocimiento y uso de los sistemas de comunicación que ésta utiliza;Se utilizan los sistemas de comunicación con diferentes objetivos: anticipar, facilitar peticiones y deseos, informar, elegir, rechazar;Existe coherencia entre los soportes de estructuración y los de comunicación que se utilizan con cada persona;Indicador 58: Se facilita la comunicación a las personas con TEA;4
1;1;1;1;Existen instrumentos para evaluar internamente, de forma periódica, la Organización;En la evaluación participan todos los profesionales de la Organización, las familias y, en los casos en que sea posible, las personas con TEA, y sus resultados se difunden a todos ellos;Existe una vía para registrar de forma inmediata puntos débiles o situaciones susceptibles de mejora en la Organización;Se analiza e implantan acciones de mejora tras la detección de puntos débiles en la organización.;Indicador 59: Se realiza una evaluación interna de la Organización;2
1;1;1;1;En la Organización se realizan evaluaciones externas de forma periódica;En la evaluación está implicada toda la Organización: profesionales, familias y, en los casos en que sea posible, las personas con TEA;Los resultados de las evaluaciones se difunden a todas las personas implicadas;De la evaluación externa se derivan mejoras en la Organización;Indicador 60: La mejora de la Organización contempla una evaluación externa;1
1;1;1;1;La Organización cuenta con un Plan Estratégico que contempla la elaboración de Planes Anuales de Mejora;La dirección motiva e involucra a los profesionales para que propongan y desarrollen acciones de mejora;La dirección está implicada activamente en las acciones de mejora propuestas;La dirección reconoce los esfuerzos y logros de mejora realizados por las personas que la integran;Indicador 61: La dirección de la Organización impulsa la mejora continua;3
1;1;1;1;El número de profesionales es suficiente y se adecua a las necesidades de ratio de cada persona con TEA y/o actividad;Existe una asignación clara de funciones a los profesionales;Existen profesionales especializados en las diferentes áreas;Existe una organización del personal no contratado: voluntarios, alumnos en prácticas..., con asignación de tiempos y tareas a realizar, y que cumple con la normativa que regula sus derechos y deberes;Indicador 62: Se rentabilizan los recursos humanos;2
1;1;1;1;Existe una estructuración clara de los tiempos, actividades y agrupamientos asignados a cada profesional a lo largo de toda la jornada;Existen tiempos de intervención dedicados a desarrollar programas específicos, individualizados y con profesionales especializados;Existe posibilidad de compatibilizar distintas situaciones de trabajo: individual, grupal..., según las necesidades de las personas con TEA y del momento;Existe una definición y asignación de responsabilidades y funciones dentro de la Organización que implica a todos los profesionales;Indicador 63: Existe una adecuada organización del trabajo de los profesionales;3
1;1;1;1;Los recursos están a disposición de todos los profesionales;Se incorporan o generan nuevos materiales de apoyo a la intervención, según surgen las necesidades de las personas con TEA;Se utilizan ayudas técnicas y sistemas de seguridad en las máquinas para facilitar el acceso del mayor número posible de personas con TEA a las mismas;Los recursos están puestos al día, en buen estado, son funcionales, y apropiados a la edad y a las necesidades ergonómicas de cada persona con TEA;Indicador 64: Se rentabilizan los recursos materiales;1
1;1;1;1;Existen suficientes espacios y se adecuan de forma flexible a las necesidades puntuales y cambiantes que pueden tener las personas con TEA;La información / estructuración espacial facilita la comprensión y el desenvolvimiento de la forma más autónoma y segura posible de las personas con TEA;Se minimizan las barreras arquitectónicas o dificultades de acceso para las personas con TEA;Los espacios se adecuan a la normativa que regula la construcción y favorecen aspectos como la salud y la higiene;Indicador 65: El entorno físico favorece la participación, accesibilidad y la autonomía de las personas con TEA;3
1;1;1;1;Existen vínculos / convenios con otros recursos y/o entidades relacionadas con los objetivos del servicio;Existen vínculos / convenios con servicios de salud, trabajo y bienestar social;Existen vínculos / convenios con otros recursos de la comunidad en general: empresas, deportes, ocio;Existe un programa de captación, formación y seguimiento del voluntariado;Indicador 66: Existen alianzas de colaboración con otras entidades, pertenezcan o no al sector de la discapacidad;1
1;1;1;1;La Organización contrata servicios o adquiere productos necesarios, realizando una discriminación positiva hacia entidades o empresas que integren personas en riesgo de exclusión social;La Organización garantiza la calidad de los productos o servicios contratados a personas o empresas ajenas, y las condiciones en que estos han sido realizados;La Organización cuenta con procesos de respeto al medio ambiente: gestión de residuos, reciclado de productos;Los espacios carecen de las barreras arquitectónicas estipuladas por la normativa, permitiendo el acceso y la autonomía a personas con distintas discapacidades;Indicador 67: La Organización asume un compromiso de responsabilidad social;2
1;1;1;1;Se organizan actividades dirigidas y abiertas a toda la comunidad (exposiciones, jornadas, conferencias);Se participa en proyectos, iniciativas promovidas desde los diferentes recursos de la comunidad, cuyo objetivo prioritario es la presencia y sensibilización social;Existen un plan o proceso para dar respuesta a las demandas externas de información, visitas, intercambios, formación;Existe un Plan de Comunicación Externa para divulgar y ofrecer información sobre autismo: folletos de divulgación, página Web, publicaciones, videos, aparición en medios de comunicación;Indicador 68: Se favorece la sensibilización y la imagen social positiva;2
